-- MySQL dump 10.13  Distrib 8.0.34, for Win64 (x86_64)
--
-- Host: localhost    Database: school
-- ------------------------------------------------------
-- Server version	8.0.34

/*!40101 SET @OLD_CHARACTER_SET_CLIENT=@@CHARACTER_SET_CLIENT */;
/*!40101 SET @OLD_CHARACTER_SET_RESULTS=@@CHARACTER_SET_RESULTS */;
/*!40101 SET @OLD_COLLATION_CONNECTION=@@COLLATION_CONNECTION */;
/*!50503 SET NAMES utf8mb4 */;
/*!40103 SET @OLD_TIME_ZONE=@@TIME_ZONE */;
/*!40103 SET TIME_ZONE='+00:00' */;
/*!40014 SET @OLD_UNIQUE_CHECKS=@@UNIQUE_CHECKS, UNIQUE_CHECKS=0 */;
/*!40014 SET @OLD_FOREIGN_KEY_CHECKS=@@FOREIGN_KEY_CHECKS, FOREIGN_KEY_CHECKS=0 */;
/*!40101 SET @OLD_SQL_MODE=@@SQL_MODE, SQL_MODE='NO_AUTO_VALUE_ON_ZERO' */;
/*!40111 SET @OLD_SQL_NOTES=@@SQL_NOTES, SQL_NOTES=0 */;

--
-- Table structure for table `course`
--

DROP TABLE IF EXISTS `course`;
/*!40101 SET @saved_cs_client     = @@character_set_client */;
/*!50503 SET character_set_client = utf8mb4 */;
CREATE TABLE `course` (
  `course_id` int NOT NULL AUTO_INCREMENT,
  `course_code` varchar(10) NOT NULL,
  `start_date` date DEFAULT NULL,
  `end_date` date DEFAULT NULL,
  `description` varchar(100) DEFAULT NULL,
  PRIMARY KEY (`course_id`)
) ENGINE=InnoDB AUTO_INCREMENT=6 DEFAULT CHARSET=utf8mb4 COLLATE=utf8mb4_0900_ai_ci;
/*!40101 SET character_set_client = @saved_cs_client */;

--
-- Dumping data for table `course`
--

LOCK TABLES `course` WRITE;
/*!40000 ALTER TABLE `course` DISABLE KEYS */;
INSERT INTO `course` VALUES (1,'BIO 111','2018-01-05','2018-04-15','Introduction to Animal Biology'),(2,'BIO 112','2018-01-05','2018-04-15','Introduction to Plant Biology'),(3,'CHEM 121','2018-01-05','2018-04-15','Organic Chemistry'),(4,'MATH 152','2018-01-05','2018-04-15','Calculus 1'),(5,'MATH 155','2018-01-05','2018-04-15','Calculus 2');
/*!40000 ALTER TABLE `course` ENABLE KEYS */;
UNLOCK TABLES;

--
-- Table structure for table `course_instructor`
--

DROP TABLE IF EXISTS `course_instructor`;
/*!40101 SET @saved_cs_client     = @@character_set_client */;
/*!50503 SET character_set_client = utf8mb4 */;
CREATE TABLE `course_instructor` (
  `course_instructor_id` int NOT NULL AUTO_INCREMENT,
  `frn_course_id` int NOT NULL,
  `frn_instructor_id` int NOT NULL,
  PRIMARY KEY (`course_instructor_id`),
  KEY `frn_course_instructor_course_id_idx` (`frn_course_id`),
  KEY `frn_course_instructor_instructor_id_idx` (`frn_instructor_id`),
  CONSTRAINT `frn_course_instructor_course_id_idx` FOREIGN KEY (`frn_course_id`) REFERENCES `course` (`course_id`) ON DELETE RESTRICT ON UPDATE RESTRICT,
  CONSTRAINT `frn_course_instructor_instructor_id_idx` FOREIGN KEY (`frn_instructor_id`) REFERENCES `instructor` (`instructor_id`) ON DELETE RESTRICT ON UPDATE RESTRICT
) ENGINE=InnoDB AUTO_INCREMENT=7 DEFAULT CHARSET=utf8mb4 COLLATE=utf8mb4_0900_ai_ci;
/*!40101 SET character_set_client = @saved_cs_client */;

--
-- Dumping data for table `course_instructor`
--

LOCK TABLES `course_instructor` WRITE;
/*!40000 ALTER TABLE `course_instructor` DISABLE KEYS */;
INSERT INTO `course_instructor` VALUES (1,1,2),(2,2,2),(3,3,5),(4,3,3),(5,4,4),(6,5,1);
/*!40000 ALTER TABLE `course_instructor` ENABLE KEYS */;
UNLOCK TABLES;

--
-- Table structure for table `course_student`
--

DROP TABLE IF EXISTS `course_student`;
/*!40101 SET @saved_cs_client     = @@character_set_client */;
/*!50503 SET character_set_client = utf8mb4 */;
CREATE TABLE `course_student` (
  `course_student_id` int NOT NULL AUTO_INCREMENT,
  `frn_course_id` int NOT NULL,
  `frn_student_id` int NOT NULL,
  PRIMARY KEY (`course_student_id`),
  KEY `frn_course_student_course_id_idx` (`frn_course_id`),
  KEY `frn_course_student_student_id_idx` (`frn_student_id`),
  CONSTRAINT `frn_course_student_course_id_idx` FOREIGN KEY (`frn_course_id`) REFERENCES `course` (`course_id`) ON DELETE RESTRICT ON UPDATE RESTRICT,
  CONSTRAINT `frn_course_student_student_id_idx` FOREIGN KEY (`frn_student_id`) REFERENCES `student` (`student_id`) ON DELETE RESTRICT ON UPDATE RESTRICT
) ENGINE=InnoDB AUTO_INCREMENT=12 DEFAULT CHARSET=utf8mb4 COLLATE=utf8mb4_0900_ai_ci;
/*!40101 SET character_set_client = @saved_cs_client */;

--
-- Dumping data for table `course_student`
--

LOCK TABLES `course_student` WRITE;
/*!40000 ALTER TABLE `course_student` DISABLE KEYS */;
INSERT INTO `course_student` VALUES (1,1,1),(2,1,2),(3,2,1),(4,3,2),(5,3,4),(6,4,4),(7,5,5),(8,3,5),(9,2,3),(10,3,3),(11,4,3);
/*!40000 ALTER TABLE `course_student` ENABLE KEYS */;
UNLOCK TABLES;

--
-- Table structure for table `grade`
--

DROP TABLE IF EXISTS `grade`;
/*!40101 SET @saved_cs_client     = @@character_set_client */;
/*!50503 SET character_set_client = utf8mb4 */;
CREATE TABLE `grade` (
  `grade_id` int NOT NULL AUTO_INCREMENT,
  `frn_course_id` int NOT NULL,
  `frn_student_id` int NOT NULL,
  `grade_percent` decimal(5,2) NOT NULL,
  PRIMARY KEY (`grade_id`),
  KEY `frn_grade_course_id_idx` (`frn_course_id`),
  KEY `frn_grade_student_id_idx` (`frn_student_id`),
  CONSTRAINT `frn_grade_course_id_idx` FOREIGN KEY (`frn_course_id`) REFERENCES `course` (`course_id`) ON DELETE RESTRICT ON UPDATE RESTRICT,
  CONSTRAINT `frn_grade_student_id_idx` FOREIGN KEY (`frn_student_id`) REFERENCES `student` (`student_id`) ON DELETE RESTRICT ON UPDATE RESTRICT
) ENGINE=InnoDB AUTO_INCREMENT=12 DEFAULT CHARSET=utf8mb4 COLLATE=utf8mb4_0900_ai_ci;
/*!40101 SET character_set_client = @saved_cs_client */;

--
-- Dumping data for table `grade`
--

LOCK TABLES `grade` WRITE;
/*!40000 ALTER TABLE `grade` DISABLE KEYS */;
INSERT INTO `grade` VALUES (1,1,1,95.10),(2,1,2,88.30),(3,2,1,92.00),(4,3,2,78.90),(5,3,4,75.30),(6,4,4,82.30),(7,5,5,74.10),(8,3,5,90.80),(9,2,3,82.60),(10,3,3,79.10),(11,4,3,85.00);
/*!40000 ALTER TABLE `grade` ENABLE KEYS */;
UNLOCK TABLES;
/*!50003 SET @saved_cs_client      = @@character_set_client */ ;
/*!50003 SET @saved_cs_results     = @@character_set_results */ ;
/*!50003 SET @saved_col_connection = @@collation_connection */ ;
/*!50003 SET character_set_client  = utf8mb4 */ ;
/*!50003 SET character_set_results = utf8mb4 */ ;
/*!50003 SET collation_connection  = utf8mb4_0900_ai_ci */ ;
/*!50003 SET @saved_sql_mode       = @@sql_mode */ ;
/*!50003 SET sql_mode              = 'ONLY_FULL_GROUP_BY,STRICT_TRANS_TABLES,NO_ZERO_IN_DATE,NO_ZERO_DATE,ERROR_FOR_DIVISION_BY_ZERO,NO_ENGINE_SUBSTITUTION' */ ;
DELIMITER ;;
/*!50003 CREATE*/ /*!50017 DEFINER=`root`@`localhost`*/ /*!50003 TRIGGER `grade_before_insert` BEFORE INSERT ON `grade` FOR EACH ROW BEGIN
 CALL check_grade(new.grade_percent);
END */;;
DELIMITER ;
/*!50003 SET sql_mode              = @saved_sql_mode */ ;
/*!50003 SET character_set_client  = @saved_cs_client */ ;
/*!50003 SET character_set_results = @saved_cs_results */ ;
/*!50003 SET collation_connection  = @saved_col_connection */ ;
/*!50003 SET @saved_cs_client      = @@character_set_client */ ;
/*!50003 SET @saved_cs_results     = @@character_set_results */ ;
/*!50003 SET @saved_col_connection = @@collation_connection */ ;
/*!50003 SET character_set_client  = utf8mb4 */ ;
/*!50003 SET character_set_results = utf8mb4 */ ;
/*!50003 SET collation_connection  = utf8mb4_0900_ai_ci */ ;
/*!50003 SET @saved_sql_mode       = @@sql_mode */ ;
/*!50003 SET sql_mode              = 'ONLY_FULL_GROUP_BY,STRICT_TRANS_TABLES,NO_ZERO_IN_DATE,NO_ZERO_DATE,ERROR_FOR_DIVISION_BY_ZERO,NO_ENGINE_SUBSTITUTION' */ ;
DELIMITER ;;
/*!50003 CREATE*/ /*!50017 DEFINER=`root`@`localhost`*/ /*!50003 TRIGGER `grade_before_update` BEFORE UPDATE ON `grade` FOR EACH ROW BEGIN
 CALL check_grade(new.grade_percent);
END */;;
DELIMITER ;
/*!50003 SET sql_mode              = @saved_sql_mode */ ;
/*!50003 SET character_set_client  = @saved_cs_client */ ;
/*!50003 SET character_set_results = @saved_cs_results */ ;
/*!50003 SET collation_connection  = @saved_col_connection */ ;

--
-- Table structure for table `instructor`
--

DROP TABLE IF EXISTS `instructor`;
/*!40101 SET @saved_cs_client     = @@character_set_client */;
/*!50503 SET character_set_client = utf8mb4 */;
CREATE TABLE `instructor` (
  `instructor_id` int NOT NULL AUTO_INCREMENT,
  `first_name` varchar(45) NOT NULL,
  `last_name` varchar(45) NOT NULL,
  `date_of_birth` date NOT NULL,
  PRIMARY KEY (`instructor_id`)
) ENGINE=InnoDB AUTO_INCREMENT=6 DEFAULT CHARSET=utf8mb4 COLLATE=utf8mb4_0900_ai_ci;
/*!40101 SET character_set_client = @saved_cs_client */;

--
-- Dumping data for table `instructor`
--

LOCK TABLES `instructor` WRITE;
/*!40000 ALTER TABLE `instructor` DISABLE KEYS */;
INSERT INTO `instructor` VALUES (1,'Collyn','Kistner','1985-07-24'),(2,'Linnea','Nosek','1975-12-30'),(3,'Jayson','Phelps','1976-12-17'),(4,'Duston','Bunschoten','1981-08-11'),(5,'Chen','Esparza','1982-02-02');
/*!40000 ALTER TABLE `instructor` ENABLE KEYS */;
UNLOCK TABLES;

--
-- Temporary view structure for view `instructor_schedule`
--

DROP TABLE IF EXISTS `instructor_schedule`;
/*!50001 DROP VIEW IF EXISTS `instructor_schedule`*/;
SET @saved_cs_client     = @@character_set_client;
/*!50503 SET character_set_client = utf8mb4 */;
/*!50001 CREATE VIEW `instructor_schedule` AS SELECT 
 1 AS `first_name`,
 1 AS `last_name`,
 1 AS `course_code`,
 1 AS `start_date`,
 1 AS `end_date`*/;
SET character_set_client = @saved_cs_client;

--
-- Temporary view structure for view `my_grades`
--

DROP TABLE IF EXISTS `my_grades`;
/*!50001 DROP VIEW IF EXISTS `my_grades`*/;
SET @saved_cs_client     = @@character_set_client;
/*!50503 SET character_set_client = utf8mb4 */;
/*!50001 CREATE VIEW `my_grades` AS SELECT 
 1 AS `first_name`,
 1 AS `last_name`,
 1 AS `course_code`,
 1 AS `grade_percent`*/;
SET character_set_client = @saved_cs_client;

--
-- Table structure for table `student`
--

DROP TABLE IF EXISTS `student`;
/*!40101 SET @saved_cs_client     = @@character_set_client */;
/*!50503 SET character_set_client = utf8mb4 */;
CREATE TABLE `student` (
  `student_id` int NOT NULL AUTO_INCREMENT,
  `first_name` varchar(45) NOT NULL,
  `last_name` varchar(45) NOT NULL,
  `date_of_birth` date NOT NULL,
  PRIMARY KEY (`student_id`)
) ENGINE=InnoDB AUTO_INCREMENT=6 DEFAULT CHARSET=utf8mb4 COLLATE=utf8mb4_0900_ai_ci;
/*!40101 SET character_set_client = @saved_cs_client */;

--
-- Dumping data for table `student`
--

LOCK TABLES `student` WRITE;
/*!40000 ALTER TABLE `student` DISABLE KEYS */;
INSERT INTO `student` VALUES (1,'Ally','Brannon','1997-05-06'),(2,'Evangelica','Cruz','1998-04-21'),(3,'Ema','Kimberly','2000-01-18'),(4,'Zed','Notaro','1999-10-01'),(5,'Tulio','Steffen','1998-08-08');
/*!40000 ALTER TABLE `student` ENABLE KEYS */;
UNLOCK TABLES;

--
-- Temporary view structure for view `student_schedule`
--

DROP TABLE IF EXISTS `student_schedule`;
/*!50001 DROP VIEW IF EXISTS `student_schedule`*/;
SET @saved_cs_client     = @@character_set_client;
/*!50503 SET character_set_client = utf8mb4 */;
/*!50001 CREATE VIEW `student_schedule` AS SELECT 
 1 AS `first_name`,
 1 AS `last_name`,
 1 AS `course_code`,
 1 AS `start_date`,
 1 AS `end_date`*/;
SET character_set_client = @saved_cs_client;

--
-- Dumping routines for database 'school'
--
/*!50003 DROP PROCEDURE IF EXISTS `check_grade` */;
/*!50003 SET @saved_cs_client      = @@character_set_client */ ;
/*!50003 SET @saved_cs_results     = @@character_set_results */ ;
/*!50003 SET @saved_col_connection = @@collation_connection */ ;
/*!50003 SET character_set_client  = utf8mb4 */ ;
/*!50003 SET character_set_results = utf8mb4 */ ;
/*!50003 SET collation_connection  = utf8mb4_0900_ai_ci */ ;
/*!50003 SET @saved_sql_mode       = @@sql_mode */ ;
/*!50003 SET sql_mode              = 'ONLY_FULL_GROUP_BY,STRICT_TRANS_TABLES,NO_ZERO_IN_DATE,NO_ZERO_DATE,ERROR_FOR_DIVISION_BY_ZERO,NO_ENGINE_SUBSTITUTION' */ ;
DELIMITER ;;
CREATE DEFINER=`root`@`localhost` PROCEDURE `check_grade`(IN grade_percent DECIMAL(5,2))
BEGIN
 DECLARE _messageText varchar(250);
 IF grade_percent < 0 THEN
	BEGIN
	SELECT CONCAT('Check constraint on grade.grade_percent failed – grade_percent ', grade_percent,' must be greater than 0%.')
	INTO _messageText;
	SIGNAL SQLSTATE '45001'
	SET MESSAGE_TEXT = _messageText;
	END;
 ELSEIF grade_percent > 100 THEN
	BEGIN
	SELECT CONCAT('Check constraint on grade.grade_percent failed - grade_percent ', grade_percent,' must not be larger than 100%.')
	INTO _messageText;
	SIGNAL SQLSTATE '45002'
	SET MESSAGE_TEXT = _messageText;
	END;
 END IF;
END ;;
DELIMITER ;
/*!50003 SET sql_mode              = @saved_sql_mode */ ;
/*!50003 SET character_set_client  = @saved_cs_client */ ;
/*!50003 SET character_set_results = @saved_cs_results */ ;
/*!50003 SET collation_connection  = @saved_col_connection */ ;

--
-- Final view structure for view `instructor_schedule`
--

/*!50001 DROP VIEW IF EXISTS `instructor_schedule`*/;
/*!50001 SET @saved_cs_client          = @@character_set_client */;
/*!50001 SET @saved_cs_results         = @@character_set_results */;
/*!50001 SET @saved_col_connection     = @@collation_connection */;
/*!50001 SET character_set_client      = utf8mb4 */;
/*!50001 SET character_set_results     = utf8mb4 */;
/*!50001 SET collation_connection      = utf8mb4_0900_ai_ci */;
/*!50001 CREATE ALGORITHM=UNDEFINED */
/*!50013 DEFINER=`root`@`localhost` SQL SECURITY DEFINER */
/*!50001 VIEW `instructor_schedule` AS select `instructor`.`first_name` AS `first_name`,`instructor`.`last_name` AS `last_name`,`course`.`course_code` AS `course_code`,`course`.`start_date` AS `start_date`,`course`.`end_date` AS `end_date` from ((`instructor` join `course_instructor` on((`instructor`.`instructor_id` = `course_instructor`.`frn_instructor_id`))) join `course` on((`course_instructor`.`frn_course_id` = `course`.`course_id`))) where (`instructor`.`first_name` = substring_index(user(),'@',1)) */;
/*!50001 SET character_set_client      = @saved_cs_client */;
/*!50001 SET character_set_results     = @saved_cs_results */;
/*!50001 SET collation_connection      = @saved_col_connection */;

--
-- Final view structure for view `my_grades`
--

/*!50001 DROP VIEW IF EXISTS `my_grades`*/;
/*!50001 SET @saved_cs_client          = @@character_set_client */;
/*!50001 SET @saved_cs_results         = @@character_set_results */;
/*!50001 SET @saved_col_connection     = @@collation_connection */;
/*!50001 SET character_set_client      = utf8mb4 */;
/*!50001 SET character_set_results     = utf8mb4 */;
/*!50001 SET collation_connection      = utf8mb4_0900_ai_ci */;
/*!50001 CREATE ALGORITHM=UNDEFINED */
/*!50013 DEFINER=`root`@`localhost` SQL SECURITY DEFINER */
/*!50001 VIEW `my_grades` AS select `student`.`first_name` AS `first_name`,`student`.`last_name` AS `last_name`,`course`.`course_code` AS `course_code`,`grade`.`grade_percent` AS `grade_percent` from ((`student` join `grade` on((`student`.`student_id` = `grade`.`frn_student_id`))) join `course` on((`course`.`course_id` = `grade`.`frn_course_id`))) where (`student`.`first_name` = substring_index(user(),'@',1)) */;
/*!50001 SET character_set_client      = @saved_cs_client */;
/*!50001 SET character_set_results     = @saved_cs_results */;
/*!50001 SET collation_connection      = @saved_col_connection */;

--
-- Final view structure for view `student_schedule`
--

/*!50001 DROP VIEW IF EXISTS `student_schedule`*/;
/*!50001 SET @saved_cs_client          = @@character_set_client */;
/*!50001 SET @saved_cs_results         = @@character_set_results */;
/*!50001 SET @saved_col_connection     = @@collation_connection */;
/*!50001 SET character_set_client      = utf8mb4 */;
/*!50001 SET character_set_results     = utf8mb4 */;
/*!50001 SET collation_connection      = utf8mb4_0900_ai_ci */;
/*!50001 CREATE ALGORITHM=UNDEFINED */
/*!50013 DEFINER=`root`@`localhost` SQL SECURITY DEFINER */
/*!50001 VIEW `student_schedule` AS select `student`.`first_name` AS `first_name`,`student`.`last_name` AS `last_name`,`course`.`course_code` AS `course_code`,`course`.`start_date` AS `start_date`,`course`.`end_date` AS `end_date` from ((`student` join `course_student` on((`student`.`student_id` = `course_student`.`frn_student_id`))) join `course` on((`course_student`.`frn_course_id` = `course`.`course_id`))) where (`student`.`first_name` = substring_index(user(),'@',1)) */;
/*!50001 SET character_set_client      = @saved_cs_client */;
/*!50001 SET character_set_results     = @saved_cs_results */;
/*!50001 SET collation_connection      = @saved_col_connection */;
/*!40103 SET TIME_ZONE=@OLD_TIME_ZONE */;

/*!40101 SET SQL_MODE=@OLD_SQL_MODE */;
/*!40014 SET FOREIGN_KEY_CHECKS=@OLD_FOREIGN_KEY_CHECKS */;
/*!40014 SET UNIQUE_CHECKS=@OLD_UNIQUE_CHECKS */;
/*!40101 SET CHARACTER_SET_CLIENT=@OLD_CHARACTER_SET_CLIENT */;
/*!40101 SET CHARACTER_SET_RESULTS=@OLD_CHARACTER_SET_RESULTS */;
/*!40101 SET COLLATION_CONNECTION=@OLD_COLLATION_CONNECTION */;
/*!40111 SET SQL_NOTES=@OLD_SQL_NOTES */;

-- Dump completed on 2023-10-30 20:50:50
